chrom	start	end	strand	nb_ccr	circ_rna_name	exons_id_start	exons_id_end	transcript_id_start	transcript_id_end	gene_id_start	gene_id_end	intron_name	start_i	end_i	gene_id_i	exon_id_i	exon_id_ife	exons_start_end_ife	gene_id_ife
1	57740212	57740322	-	5	circRNA_16211		ENSSSCE00000288495_3_c_-		ENSSSCT00000004784		ENSSSCG00000004328	INTRON_4330	57740190.0	57740321.0	ENSSSCG00000004328_-_c-ENSSSCG00000004328_-_c	ENSSSCE00000282826-ENSSSCE00000288495			
1	130551302	130551514	+	6	circRNA_13355	ENSSSCE00000040747_3_c_+,ENSSSCE00000407857_3_c_+		ENSSSCT00000005261,ENSSSCT00000005264		ENSSSCG00000004762,ENSSSCG00000004765		INTRON_10475	130551303.0	130551538.0	ENSSSCG00000004762_+_c-ENSSSCG00000004762_+_c,ENSSSCG00000004762_+_c-ENSSSCG00000004762_+_c	ENSSSCE00000040745-ENSSSCE00000422648,ENSSSCE00000040747-ENSSSCE00000040748			
1	236319204	236319389	+	47	circRNA_18091	ENSSSCE00000045629_3_c_+		ENSSSCT00000005846		ENSSSCG00000005308		INTRON_17474	236319205.0	236319413.0	ENSSSCG00000005308_+_c-ENSSSCG00000005308_+_c	ENSSSCE00000045629-ENSSSCE00000045630			
1	236386539	236386774	-	13	circRNA_10356		ENSSSCE00000045675_3_c_-		ENSSSCT00000005852		ENSSSCG00000005314	INTRON_17520	236386517.0	236386773.0	ENSSSCG00000005314_-_c-ENSSSCG00000005314_-_c	ENSSSCE00000045676-ENSSSCE00000045675			
1	268624805	268625188	-	7	circRNA_2550		ENSSSCE00000048310_3_c_-		ENSSSCT00000006202		ENSSSCG00000005640	INTRON_20845	268624779.0	268625187.0	ENSSSCG00000005640_-_c-ENSSSCG00000005640_-_c	ENSSSCE00000048311-ENSSSCE00000048310			
1	269307212	269307356	+	10	circRNA_15746	ENSSSCE00000048646_3_c_+		ENSSSCT00000006230		ENSSSCG00000005667		INTRON_21292	269307213.0	269307382.0	ENSSSCG00000005667_+_c-ENSSSCG00000005667_+_c	ENSSSCE00000048646-ENSSSCE00000048647			
1	271436737	271437183	+	21	circRNA_18105	ENSSSCE00000049222_3_c_+		ENSSSCT00000006286		ENSSSCG00000005716		INTRON_21847	271436738.0	271437209.0	ENSSSCG00000005716_+_c-ENSSSCG00000005716_+_c	ENSSSCE00000049222-ENSSSCE00000049223			
1	272964680	272964909	+	64	circRNA_18106	ENSSSCE00000301376_3_c_+		ENSSSCT00000044885		ENSSSCG00000035904		INTRON_22112	272964681.0	272964930.0	ENSSSCG00000035904_+_c-ENSSSCG00000035904_+_c	ENSSSCE00000301376-ENSSSCE00000284988			
1	273028961	273029056	+	5	circRNA_3455	ENSSSCE00000406523_3_c_+,ENSSSCE00000240159_3_c_+		ENSSSCT00000022734,ENSSSCT00000068289		ENSSSCG00000021241,ENSSSCG00000021241		INTRON_22210	273028962.0	273029081.0	ENSSSCG00000021241_+_c-ENSSSCG00000021241_+_c	ENSSSCE00000406523-ENSSSCE00000434428			
2	612385	612787	+	28	circRNA_10844	ENSSSCE00000112587_3_c_+,ENSSSCE00000394861_3_c_+		ENSSSCT00000014031,ENSSSCT00000076283		ENSSSCG00000012836,ENSSSCG00000012836		INTRON_111292	612386.0	612810.0	ENSSSCG00000012836_+_c-ENSSSCG00000012836_+_c	ENSSSCE00000112587-ENSSSCE00000112588			
2	6288471	6288790	-	24	circRNA_6381		ENSSSCE00000113756_3_c_-		ENSSSCT00000014162		ENSSSCG00000012957	INTRON_113027	6288449.0	6288789.0	ENSSSCG00000012957_-_c-ENSSSCG00000012957_-_c	ENSSSCE00000113757-ENSSSCE00000113756			
2	9113202	9113462	+	13	circRNA_18107	ENSSSCE00000176834_3_c_+		ENSSSCT00000023479		ENSSSCG00000030653		INTRON_114476	9113203.0	9113482.0	ENSSSCG00000030653_+_c-ENSSSCG00000030653_+_c	ENSSSCE00000176834-ENSSSCE00000190480			
2	9746480	9746685	+	119	circRNA_18108	ENSSSCE00000172190_3_c_+		ENSSSCT00000014288		ENSSSCG00000024015		INTRON_114690	9746481.0	9746703.0	ENSSSCG00000024015_+_c-ENSSSCG00000024015_+_c	ENSSSCE00000172190-ENSSSCE00000199128			
2	15034548	15034727	-	10	circRNA_18109		ENSSSCE00000115580_3_c_-		ENSSSCT00000046945		ENSSSCG00000032081	INTRON_115754	15034522.0	15034726.0	ENSSSCG00000032081_-_c-ENSSSCG00000032081_-_c	ENSSSCE00000115581-ENSSSCE00000115580			
2	15267992	15268189	+	5	circRNA_15860	ENSSSCE00000115664_3_c_+		ENSSSCT00000014456		ENSSSCG00000013236		INTRON_115868	15267993.0	15268211.0	ENSSSCG00000013236_+_c-ENSSSCG00000013236_+_c	ENSSSCE00000115664-ENSSSCE00000115665			
2	15399071	15399203	+	7	circRNA_4223	ENSSSCE00000115756_3_c_+		ENSSSCT00000014465		ENSSSCG00000013245		INTRON_116003	15399072.0	15399227.0	ENSSSCG00000013246_-_c-ENSSSCG00000013246_-_c,ENSSSCG00000013245_+_c-ENSSSCG00000013245_+_c	ENSSSCE00000390704-ENSSSCE00000427422,ENSSSCE00000115756-ENSSSCE00000115757			
2	15403350	15403601	-	24	circRNA_12374		ENSSSCE00000115767_3_c_-		ENSSSCT00000025248		ENSSSCG00000013246	INTRON_116021	15403326.0	15403600.0	ENSSSCG00000013246_-_c-ENSSSCG00000013246_-_c	ENSSSCE00000289355-ENSSSCE00000115767	ENSSSCE00000427422	15399950_15403665	ENSSSCG00000013246_-_c
2	16565517	16565621	-	7	circRNA_2746							INTRON_116329	16565495.0	16565621.0	ENSSSCG00000013267_+_c-ENSSSCG00000013267_+_c,ENSSSCG00000013269_-_c-ENSSSCG00000013269_-_c	ENSSSCE00000404511-ENSSSCE00000407869,ENSSSCE00000116066-ENSSSCE00000116065			
2	26799563	26800555	-	12	circRNA_5557		ENSSSCE00000116350_3_c_-		ENSSSCT00000014530		ENSSSCG00000013304	INTRON_116861	26799543.0	26800554.0	ENSSSCG00000013304_-_c-ENSSSCG00000013304_-_c	ENSSSCE00000116351-ENSSSCE00000116350			
2	66244894	66245056	-	5	circRNA_10031		ENSSSCE00000231542_3_c_-		ENSSSCT00000015007		ENSSSCG00000013733	INTRON_121301	66244874.0	66245055.0	ENSSSCG00000013733_-_c-ENSSSCG00000013733_-_c	ENSSSCE00000120353-ENSSSCE00000231542			
2	66338582	66338743	+	7	circRNA_16262	ENSSSCE00000120229_3_c_+		ENSSSCT00000048727		ENSSSCG00000013720		INTRON_121379	66338583.0	66338764.0	ENSSSCG00000013720_+_c-ENSSSCG00000013720_+_c	ENSSSCE00000120229-ENSSSCE00000120230			
2	73198867	73199061	+	6	circRNA_16250	ENSSSCE00000241678_3_c_+,ENSSSCE00000217302_3_c_+		ENSSSCT00000014768,ENSSSCT00000027158		ENSSSCG00000040968,ENSSSCG00000040968		INTRON_123530	73198868.0	73199087.0	ENSSSCG00000040968_+_c-ENSSSCG00000040968_+_c,ENSSSCG00000040968_+_c-ENSSSCG00000040968_+_c	ENSSSCE00000468356-ENSSSCE00000210965,ENSSSCE00000241678-ENSSSCE00000195135			
2	80458444	80458867	+	21	circRNA_6509	ENSSSCE00000371821_3_c_+		ENSSSCT00000037754		ENSSSCG00000040507		INTRON_125949	80458445.0	80458885.0	ENSSSCG00000040507_+_c-ENSSSCG00000040507_+_c	ENSSSCE00000371821-ENSSSCE00000307245			
2	80638527	80638635	+	26	circRNA_6954	ENSSSCE00000122567_3_c_+		ENSSSCT00000015338		ENSSSCG00000014041		INTRON_126068	80638528.0	80638656.0	ENSSSCG00000014041_+_c-ENSSSCG00000014041_+_c,ENSSSCG00000014041_+_c-ENSSSCG00000014041_+_c	ENSSSCE00000122566-ENSSSCE00000122568,ENSSSCE00000122567-ENSSSCE00000122568			
2	81487315	81487856	-	8	circRNA_8816		ENSSSCE00000202857_3_c_-		ENSSSCT00000029938		ENSSSCG00000029179	INTRON_126322	81487292.0	81487855.0	ENSSSCG00000014058_+_c-ENSSSCG00000014058_+_c,ENSSSCG00000029179_-_c-ENSSSCG00000029179_-_c	ENSSSCE00000342190-ENSSSCE00000201312,ENSSSCE00000226055-ENSSSCE00000202857			
2	134254652	134255130	-	31	circRNA_18115		ENSSSCE00000124813_3_c_-		ENSSSCT00000015595		ENSSSCG00000014272	INTRON_129569	134254624.0	134255129.0	ENSSSCG00000014272_-_c-ENSSSCG00000014272_-_c	ENSSSCE00000124814-ENSSSCE00000124813			
3	207215	207505	+	8	circRNA_9323	ENSSSCE00000436152_3_c_+		ENSSSCT00000091120		ENSSSCG00000050310		INTRON_132116	207216.0	207524.0	ENSSSCG00000050310_+_c-ENSSSCG00000050310_+_c	ENSSSCE00000436152-ENSSSCE00000420135			
3	5939576	5940170	+	5	circRNA_10465	ENSSSCE00000065168_3_c_+		ENSSSCT00000008346		ENSSSCG00000007606		INTRON_133082	5939577.0	5940200.0	ENSSSCG00000007606_+_c-ENSSSCG00000007606_+_c	ENSSSCE00000065168-ENSSSCE00000065169			
3	18517623	18517740	+	26	circRNA_11900							INTRON_136099	18517628.0	18517769.0	ENSSSCG00000021845_+_c-ENSSSCG00000021845_+_c	ENSSSCE00000205149-ENSSSCE00000199966			
3	18517626	18517740	+	24	circRNA_18117							INTRON_136099	18517628.0	18517769.0	ENSSSCG00000021845_+_c-ENSSSCG00000021845_+_c	ENSSSCE00000205149-ENSSSCE00000199966			
3	18517627	18517743	+	11820	circRNA_18118	ENSSSCE00000205149_3_c_+,ENSSSCE00000478934_3_c_+		ENSSSCT00000029453,ENSSSCT00000050424		ENSSSCG00000021845,ENSSSCG00000021845		INTRON_136099	18517628.0	18517769.0	ENSSSCG00000021845_+_c-ENSSSCG00000021845_+_c	ENSSSCE00000205149-ENSSSCE00000199966			
3	37584303	37585049	+	66	circRNA_1447	ENSSSCE00000067874_3_c_+		ENSSSCT00000008693		ENSSSCG00000007931		INTRON_138166	37584304.0	37585073.0	ENSSSCG00000007931_+_c-ENSSSCG00000007931_+_c	ENSSSCE00000067874-ENSSSCE00000067875			
3	40001967	40002180	+	56	circRNA_18120	ENSSSCE00000231028_3_c_+		ENSSSCT00000024892		ENSSSCG00000033697		INTRON_139285	40001968.0	40002202.0	ENSSSCG00000033697_+_c-ENSSSCG00000033697_+_c	ENSSSCE00000231028-ENSSSCE00000160367			
3	40657842	40657933	-	10	circRNA_13976		ENSSSCE00000296426_3_c_-		ENSSSCT00000040516		ENSSSCG00000034266	INTRON_139697	40657821.0	40657932.0	ENSSSCG00000034266_-_c-ENSSSCG00000034266_-_c	ENSSSCE00000275275-ENSSSCE00000296426			
3	112077060	112077143	-	29	circRNA_1839		ENSSSCE00000073495_3_c_-		ENSSSCT00000009364		ENSSSCG00000008559	INTRON_147286	112077038.0	112077142.0	ENSSSCG00000008559_-_c-ENSSSCG00000008559_-_c	ENSSSCE00000073496-ENSSSCE00000073495			
4	93356751	93356934	+	6	circRNA_7905	ENSSSCE00000055312_3_c_+		ENSSSCT00000007086		ENSSSCG00000006469		INTRON_156696	93356752.0	93356962.0	ENSSSCG00000006469_+_c-ENSSSCG00000006469_+_c	ENSSSCE00000055312-ENSSSCE00000055313			
4	93990613	93990754	+	12	circRNA_11649	ENSSSCE00000055593_3_c_+		ENSSSCT00000007119		ENSSSCG00000006500		INTRON_156985	93990614.0	93990776.0	ENSSSCG00000006500_+_c-ENSSSCG00000006500_+_c	ENSSSCE00000055593-ENSSSCE00000055594			
4	94614983	94615060	+	26	circRNA_18124	ENSSSCE00000055849_3_c_+		ENSSSCT00000007145		ENSSSCG00000006524		INTRON_157285	94614984.0	94615087.0	ENSSSCG00000006524_+_c-ENSSSCG00000006524_+_c,ENSSSCG00000006524_+_c-ENSSSCG00000006524_+_c	ENSSSCE00000055848-ENSSSCE00000055851,ENSSSCE00000055849-ENSSSCE00000055850			
4	95756884	95757127	+	18	circRNA_6461	ENSSSCE00000056352_3_c_+		ENSSSCT00000051089		ENSSSCG00000006568		INTRON_157781	95756885.0	95757152.0	ENSSSCG00000006568_+_c-ENSSSCG00000006568_+_c	ENSSSCE00000056352-ENSSSCE00000056353			
4	95905896	95906060	-	15	circRNA_7618		ENSSSCE00000056402_3_c_-		ENSSSCT00000007199		ENSSSCG00000006571	INTRON_157815	95905874.0	95906059.0	ENSSSCG00000006571_-_c-ENSSSCG00000006571_-_c	ENSSSCE00000056403-ENSSSCE00000056402			
4	107728185	107728276	+	5	circRNA_15415	ENSSSCE00000058065_3_c_+		ENSSSCT00000007420		ENSSSCG00000006774		INTRON_159968	107728186.0	107728300.0	ENSSSCG00000006774_+_c-ENSSSCG00000006774_+_c	ENSSSCE00000058065-ENSSSCE00000058066			
4	110776512	110776776	+	5	circRNA_17398	ENSSSCE00000058489_3_c_+		ENSSSCT00000007482		ENSSSCG00000006831		INTRON_160529	110776513.0	110776800.0	ENSSSCG00000006831_+_c-ENSSSCG00000006831_+_c	ENSSSCE00000058489-ENSSSCE00000058490			
5	7230558	7230873	+	15	circRNA_6191	ENSSSCE00000362810_3_c_+,ENSSSCE00000449099_3_c_+		ENSSSCT00000031198,ENSSSCT00000081533		ENSSSCG00000028202,ENSSSCG00000028202		INTRON_163912	7230559.0	7230898.0	ENSSSCG00000028202_+_c-ENSSSCG00000028202_+_c	ENSSSCE00000362810-ENSSSCE00000298021			
5	9490299	9490949	+	15	circRNA_4762	ENSSSCE00000000881_3_c_+	ENSSSCE00000000882_5_c_+	ENSSSCT00000000110	ENSSSCT00000000110	ENSSSCG00000000104	ENSSSCG00000000104	INTRON_164381	9490300.0	9490948.0	ENSSSCG00000000104_+_c-ENSSSCG00000000104_+_c,ENSSSCG00000000104_+_c-ENSSSCG00000000104_+_c	ENSSSCE00000442826-ENSSSCE00000000882,ENSSSCE00000000881-ENSSSCE00000000882			
5	11228085	11228247	+	6	circRNA_13518	ENSSSCE00000001159_3_c_+		ENSSSCT00000000147		ENSSSCG00000000141		INTRON_164859	11228086.0	11228273.0	ENSSSCG00000000141_+_c-ENSSSCG00000000141_+_c	ENSSSCE00000001159-ENSSSCE00000001160			
5	15580975	15581191	+	16	circRNA_6723	ENSSSCE00000001780_3_c_+		ENSSSCT00000000217		ENSSSCG00000000204		INTRON_165489	15580976.0	15581209.0	ENSSSCG00000000204_+_c-ENSSSCG00000000204_+_c	ENSSSCE00000001780-ENSSSCE00000001781			
5	21644317	21644505	-	5	circRNA_16737		ENSSSCE00000189295_3_c_-		ENSSSCT00000000414		ENSSSCG00000000386	INTRON_167175	21644295.0	21644504.0	ENSSSCG00000000386_-_c-ENSSSCG00000000386_-_c	ENSSSCE00000235345-ENSSSCE00000189295			
5	64600267	64600733	+	7	circRNA_3815	ENSSSCE00000005951_3_c_+		ENSSSCT00000000775		ENSSSCG00000000712		INTRON_171756	64600268.0	64600755.0	ENSSSCG00000000712_+_c-ENSSSCG00000000712_+_c	ENSSSCE00000005951-ENSSSCE00000005952			
5	67263875	67265162	+	8	circRNA_15039	ENSSSCE00000431128_3_c_+		ENSSSCT00000000803		ENSSSCG00000000740		INTRON_172061	67263876.0	67265184.0	ENSSSCG00000000740_+_c-ENSSSCG00000000740_+_c	ENSSSCE00000431128-ENSSSCE00000006166			
6	271757	271982	+	10	circRNA_11424	ENSSSCE00000193161_3_c_+		ENSSSCT00000031647		ENSSSCG00000024687		INTRON_175758	271758.0	272007.0	ENSSSCG00000024687_+_c-ENSSSCG00000024687_+_c	ENSSSCE00000193161-ENSSSCE00000222316			
6	10701296	10701466	-	5	circRNA_3188		ENSSSCE00000220859_3_c_-		ENSSSCT00000026364		ENSSSCG00000002700	INTRON_176911	10701278.0	10701465.0	ENSSSCG00000002700_-_c-ENSSSCG00000002700_-_c	ENSSSCE00000186728-ENSSSCE00000220859			
6	15010434	15011032	+	5	circRNA_13228	ENSSSCE00000021879_3_c_+		ENSSSCT00000003045		ENSSSCG00000002748		INTRON_177654	15010435.0	15011052.0	ENSSSCG00000002748_+_c-ENSSSCG00000002748_+_c	ENSSSCE00000021879-ENSSSCE00000021880			
6	28272572	28272999	+	6	circRNA_15439							INTRON_179211	28272574.0	28273019.0	ENSSSCG00000022722_+_c-ENSSSCG00000022722_+_c	ENSSSCE00000184794-ENSSSCE00000236392			
6	28272573	28272999	+	6	circRNA_17778	ENSSSCE00000184794_3_c_+		ENSSSCT00000024773		ENSSSCG00000022722		INTRON_179211	28272574.0	28273019.0	ENSSSCG00000022722_+_c-ENSSSCG00000022722_+_c	ENSSSCE00000184794-ENSSSCE00000236392			
6	44026736	44027123	+	105	circRNA_2995	ENSSSCE00000022945_3_c_+,ENSSSCE00000461703_3_c_+		ENSSSCT00000058743,ENSSSCT00000003173		ENSSSCG00000002872,ENSSSCG00000002873		INTRON_180661	44026737.0	44027143.0	ENSSSCG00000002873_+_c-ENSSSCG00000002873_+_c	ENSSSCE00000461703-ENSSSCE00000442455			
6	44064033	44064153	+	53	circRNA_18129	ENSSSCE00000022957_3_c_+		ENSSSCT00000003173		ENSSSCG00000002873		INTRON_180672	44064034.0	44064174.0	ENSSSCG00000002873_+_c-ENSSSCG00000002873_+_c	ENSSSCE00000022957-ENSSSCE00000022958			
6	45202337	45202421	+	8	circRNA_11008	ENSSSCE00000337968_3_c_+,ENSSSCE00000446780_3_c_+		ENSSSCT00000057571,ENSSSCT00000067163		ENSSSCG00000039135,ENSSSCG00000039135		INTRON_181150	45202338.0	45202445.0	ENSSSCG00000039135_+_c-ENSSSCG00000039135_+_c	ENSSSCE00000446780-ENSSSCE00000437224			
6	48047452	48047537	-	72	circRNA_761		ENSSSCE00000254688_3_c_-		ENSSSCT00000036353		ENSSSCG00000022442	INTRON_182062	48047431.0	48047536.0	ENSSSCG00000022442_-_c-ENSSSCG00000022442_-_c	ENSSSCE00000093940-ENSSSCE00000254688			
6	48407387	48407491	+	5	circRNA_12198	ENSSSCE00000329790_3_c_+		ENSSSCT00000037756		ENSSSCG00000039235		INTRON_182246	48407388.0	48407511.0	ENSSSCG00000039235_+_c-ENSSSCG00000039235_+_c	ENSSSCE00000329790-ENSSSCE00000316314			
6	49397632	49398202	+	11	circRNA_13841	ENSSSCE00000381983_3_c_+		ENSSSCT00000003340		ENSSSCG00000028794		INTRON_182659	49397633.0	49398226.0	ENSSSCG00000028794_+_c-ENSSSCG00000028794_+_c	ENSSSCE00000381983-ENSSSCE00000024185			
6	52606913	52607186	-	8	circRNA_16203		ENSSSCE00000024873_3_c_-		ENSSSCT00000003443		ENSSSCG00000003104	INTRON_183884	52606894.0	52607185.0	ENSSSCG00000003104_-_c-ENSSSCG00000003104_-_c	ENSSSCE00000024874-ENSSSCE00000024873			
6	53254274	53254482	-	26	circRNA_10092		ENSSSCE00000025018_3_c_-		ENSSSCT00000003461		ENSSSCG00000003120	INTRON_184062	53254249.0	53254481.0	ENSSSCG00000003120_-_c-ENSSSCG00000003120_-_c	ENSSSCE00000025019-ENSSSCE00000025018			
6	54257091	54257231	+	15	circRNA_18132	ENSSSCE00000025261_3_c_+		ENSSSCT00000003499		ENSSSCG00000003152		INTRON_184522	54257092.0	54257251.0	ENSSSCG00000003152_+_c-ENSSSCG00000003152_+_c	ENSSSCE00000025261-ENSSSCE00000025262			
6	54393750	54393904	-	7	circRNA_13201		ENSSSCE00000299164_3_c_-		ENSSSCT00000043624		ENSSSCG00000038264	INTRON_184645	54393729.0	54393903.0	ENSSSCG00000038264_-_c-ENSSSCG00000038264_-_c	ENSSSCE00000350857-ENSSSCE00000299164			
6	54464956	54465055	+	235	circRNA_18133	ENSSSCE00000317545_3_c_+		ENSSSCT00000058631		ENSSSCG00000038579		INTRON_184688	54464957.0	54465076.0	ENSSSCG00000038579_+_c-ENSSSCG00000038579_+_c	ENSSSCE00000317545-ENSSSCE00000264679			
6	54880433	54880682	-	5	circRNA_15607		ENSSSCE00000407582_3_c_-,ENSSSCE00000025604_3_c_-		ENSSSCT00000003550,ENSSSCT00000080633		ENSSSCG00000003195,ENSSSCG00000003195	INTRON_185012	54880403.0	54880681.0	ENSSSCG00000003195_-_c-ENSSSCG00000003195_-_c	ENSSSCE00000454835-ENSSSCE00000407582			
6	59437288	59437513	-	688	circRNA_18134		ENSSSCE00000026415_3_c_-		ENSSSCT00000003665		ENSSSCG00000003301	INTRON_186522	59437268.0	59437512.0	ENSSSCG00000003301_-_c-ENSSSCG00000003301_-_c	ENSSSCE00000026416-ENSSSCE00000026415			
6	59437290	59437513	-	8	circRNA_17875		ENSSSCE00000026415_3_c_-		ENSSSCT00000003665		ENSSSCG00000003301	INTRON_186522	59437268.0	59437512.0	ENSSSCG00000003301_-_c-ENSSSCG00000003301_-_c	ENSSSCE00000026416-ENSSSCE00000026415			
6	62833862	62834041	+	6	circRNA_10492	ENSSSCE00000032990_3_c_+		ENSSSCT00000004421		ENSSSCG00000003998		INTRON_187159	62833863.0	62834063.0	ENSSSCG00000003998_+_c-ENSSSCG00000003998_+_c	ENSSSCE00000032990-ENSSSCE00000032991			
6	63098813	63098924	+	28	circRNA_6792	ENSSSCE00000323285_3_c_+		ENSSSCT00000045350		ENSSSCG00000037920		INTRON_187244	63098814.0	63098943.0	ENSSSCG00000037920_+_c-ENSSSCG00000037920_+_c	ENSSSCE00000323285-ENSSSCE00000352300			
6	63098813	63098915	+	6	circRNA_12616	ENSSSCE00000323285_3_c_+		ENSSSCT00000045350		ENSSSCG00000037920		INTRON_187244	63098814.0	63098943.0	ENSSSCG00000037920_+_c-ENSSSCG00000037920_+_c	ENSSSCE00000323285-ENSSSCE00000352300			
6	64316142	64316457	-	919	circRNA_18135		ENSSSCE00000188881_3_c_-		ENSSSCT00000024211		ENSSSCG00000027916	INTRON_187883	64316123.0	64316456.0	ENSSSCG00000027916_-_c-ENSSSCG00000027916_-_c	ENSSSCE00000209120-ENSSSCE00000188881			
6	64316144	64316457	-	7	circRNA_17791		ENSSSCE00000188881_3_c_-		ENSSSCT00000024211		ENSSSCG00000027916	INTRON_187883	64316123.0	64316456.0	ENSSSCG00000027916_-_c-ENSSSCG00000027916_-_c	ENSSSCE00000209120-ENSSSCE00000188881			
6	65253611	65254245	+	5	circRNA_8803							INTRON_188117	65253611.0	65254264.0	ENSSSCG00000039233_+_c-ENSSSCG00000039233_+_c	ENSSSCE00000281836-ENSSSCE00000385498			
6	65255862	65256126	+	7	circRNA_6975	ENSSSCE00000317725_3_c_+		ENSSSCT00000050028		ENSSSCG00000036305		INTRON_188118	65255863.0	65256154.0	ENSSSCG00000036305_+_c-ENSSSCG00000036305_+_c	ENSSSCE00000317725-ENSSSCE00000275847			
6	65262953	65263127	-	32	circRNA_18136		ENSSSCE00000363945_3_c_-		ENSSSCT00000036719		ENSSSCG00000039516	INTRON_188122	65262924.0	65263126.0	ENSSSCG00000039516_-_c-ENSSSCG00000039516_-_c	ENSSSCE00000381683-ENSSSCE00000363945			
6	67036607	67036841	-	6	circRNA_1146		ENSSSCE00000026906_3_c_-		ENSSSCT00000003736		ENSSSCG00000003366	INTRON_188237	67036587.0	67036840.0	ENSSSCG00000003366_-_c-ENSSSCG00000003366_-_c	ENSSSCE00000026907-ENSSSCE00000026906			
6	71866077	71866497	+	10	circRNA_15995	ENSSSCE00000417574_3_c_+		ENSSSCT00000084214		ENSSSCG00000046656		INTRON_189114	71866078.0	71866516.0	ENSSSCG00000046656_+_c-ENSSSCG00000046656_+_c	ENSSSCE00000417574-ENSSSCE00000422677	ENSSSCE00000310204	71863635_71868097	ENSSSCG00000003428_-_c
6	88210056	88210370	-	5	circRNA_11505		ENSSSCE00000029132_3_c_-		ENSSSCT00000003998		ENSSSCG00000003603	INTRON_192140	88210032.0	88210369.0	ENSSSCG00000003603_-_c-ENSSSCG00000003603_-_c	ENSSSCE00000029133-ENSSSCE00000029132			
6	92502919	92503109	-	9	circRNA_3262		ENSSSCE00000317211_3_c_-		ENSSSCT00000041652		ENSSSCG00000036709	INTRON_192975	92502899.0	92503108.0	ENSSSCG00000036709_-_c-ENSSSCG00000036709_-_c	ENSSSCE00000292149-ENSSSCE00000317211			
6	92502923	92503109	-	5	circRNA_16454		ENSSSCE00000317211_3_c_-		ENSSSCT00000041652		ENSSSCG00000036709	INTRON_192975	92502899.0	92503108.0	ENSSSCG00000036709_-_c-ENSSSCG00000036709_-_c	ENSSSCE00000292149-ENSSSCE00000317211			
6	165418410	165419197	-	12	circRNA_7063		ENSSSCE00000032355_3_c_-		ENSSSCT00000004328		ENSSSCG00000003913	INTRON_198844	165418386.0	165419196.0	ENSSSCG00000003913_-_c-ENSSSCG00000003913_-_c,ENSSSCG00000003913_-_c-ENSSSCG00000003913_-_c	ENSSSCE00000032357-ENSSSCE00000465078,ENSSSCE00000032356-ENSSSCE00000032355			
6	166564276	166564503	-	10	circRNA_3092		ENSSSCE00000032537_3_c_-		ENSSSCT00000004347		ENSSSCG00000003931	INTRON_199148	166564259.0	166564502.0	ENSSSCG00000003931_-_c-ENSSSCG00000003931_-_c	ENSSSCE00000032538-ENSSSCE00000032537			
6	167837180	167837373	-	6	circRNA_15674		ENSSSCE00000361217_3_c_-		ENSSSCT00000004359		ENSSSCG00000003941	INTRON_199472	167837158.0	167837372.0	ENSSSCG00000003941_-_c-ENSSSCG00000003941_-_c	ENSSSCE00000032625-ENSSSCE00000361217			
7	2404099	2404655	+	25	circRNA_18140							INTRON_200220	2404102.0	2404679.0	ENSSSCG00000001002_+_c-ENSSSCG00000001002_+_c	ENSSSCE00000008781-ENSSSCE00000008782			
7	2404101	2404657	+	11	circRNA_6949	ENSSSCE00000008781_3_c_+		ENSSSCT00000001094		ENSSSCG00000001002		INTRON_200220	2404102.0	2404679.0	ENSSSCG00000001002_+_c-ENSSSCG00000001002_+_c	ENSSSCE00000008781-ENSSSCE00000008782			
7	23550551	23550736	-	21	circRNA_18146		ENSSSCE00000010640_3_c_-,ENSSSCE00000447702_3_c_-		ENSSSCT00000001514,ENSSSCT00000032697		ENSSSCG00000001391,ENSSSCG00000050408	INTRON_202241	23550529.0	23550735.0	ENSSSCG00000050408_-_c-ENSSSCG00000050408_-_c	ENSSSCE00000463376-ENSSSCE00000447702			
7	23550874	23551035	-	5	circRNA_13021		ENSSSCE00000010639_3_c_-,ENSSSCE00000389221_3_c_-		ENSSSCT00000001514,ENSSSCT00000032697		ENSSSCG00000001391,ENSSSCG00000050408	INTRON_202242	23550848.0	23551034.0	ENSSSCG00000050408_-_c-ENSSSCG00000050408_-_c	ENSSSCE00000447702-ENSSSCE00000389221			
7	24163186	24163344	-	5	circRNA_14333		ENSSSCE00000011176_3_c_-		ENSSSCT00000001575		ENSSSCG00000001430	INTRON_202901	24163167.0	24163343.0	ENSSSCG00000001430_-_c-ENSSSCG00000001430_-_c	ENSSSCE00000011177-ENSSSCE00000011176			
7	29677410	29677541	-	5	circRNA_7738		ENSSSCE00000012058_3_c_-		ENSSSCT00000001682		ENSSSCG00000001509	INTRON_203884	29677386.0	29677540.0	ENSSSCG00000001509_-_c-ENSSSCG00000001509_-_c	ENSSSCE00000012059-ENSSSCE00000012058			
7	38085030	38085119	+	7	circRNA_15835	ENSSSCE00000013443_3_c_+		ENSSSCT00000045631		ENSSSCG00000022901		INTRON_205298	38085031.0	38085147.0	ENSSSCG00000022901_+_c-ENSSSCG00000022901_+_c	ENSSSCE00000013443-ENSSSCE00000013444			
7	52372635	52372923	+	11	circRNA_6912	ENSSSCE00000177858_3_c_+		ENSSSCT00000002024		ENSSSCG00000001808		INTRON_206999	52372636.0	52372945.0	ENSSSCG00000001808_+_c-ENSSSCG00000001808_+_c	ENSSSCE00000177858-ENSSSCE00000014894			
8	1155299	1155576	-	5	circRNA_8320		ENSSSCE00000074661_3_c_-		ENSSSCT00000062038		ENSSSCG00000008684	INTRON_214938	1155271.0	1155575.0	ENSSSCG00000008684_-_c-ENSSSCG00000008684_-_c	ENSSSCE00000074662-ENSSSCE00000074661			
9	6594120	6594598	-	11	circRNA_3926		ENSSSCE00000127292_3_c_-,ENSSSCE00000313619_3_c_-		ENSSSCT00000016153,ENSSSCT00000037061		ENSSSCG00000014802,ENSSSCG00000014802	INTRON_224642	6594101.0	6594597.0	ENSSSCG00000014802_-_c-ENSSSCG00000014802_-_c	ENSSSCE00000127293-ENSSSCE00000127292			
9	9754269	9755259	-	9	circRNA_6559		ENSSSCE00000422742_3_lnc_-		ENSSSCT00000077475		ENSSSCG00000046488	INTRON_225399	9754241.0	9755258.0	ENSSSCG00000046488_-_lnc-ENSSSCG00000046488_-_lnc	ENSSSCE00000472236-ENSSSCE00000422742			
9	60988886	60988992	+	23	circRNA_18156	ENSSSCE00000130870_3_c_+		ENSSSCT00000016627		ENSSSCG00000015258		INTRON_230192	60988887.0	60989010.0	ENSSSCG00000015258_+_c-ENSSSCG00000015258_+_c	ENSSSCE00000130870-ENSSSCE00000130871			
9	90772493	90772576	-	93	circRNA_18158		ENSSSCE00000237118_3_c_-		ENSSSCT00000016755		ENSSSCG00000015380	INTRON_232649	90772463.0	90772575.0	ENSSSCG00000015380_-_c-ENSSSCG00000015380_-_c	ENSSSCE00000229427-ENSSSCE00000237118			
10	24093331	24093422	+	10	circRNA_13701	ENSSSCE00000351855_3_c_+		ENSSSCT00000011944		ENSSSCG00000010915		INTRON_24658	24093332.0	24093445.0	ENSSSCG00000010915_+_c-ENSSSCG00000010915_+_c	ENSSSCE00000351855-ENSSSCE00000217977	ENSSSCE00000444811	24093138_24093615	ENSSSCG00000010915_+_c
10	67015873	67016037	+	13	circRNA_17443	ENSSSCE00000098088_3_c_+		ENSSSCT00000012219		ENSSSCG00000011157		INTRON_28400	67015874.0	67016055.0	ENSSSCG00000011157_+_c-ENSSSCG00000011157_+_c	ENSSSCE00000098088-ENSSSCE00000098089	ENSSSCE00000358502	67015796_67016222	ENSSSCG00000011157_+_c
10	67015874	67016038	+	26	circRNA_3343							INTRON_28400	67015874.0	67016055.0	ENSSSCG00000011157_+_c-ENSSSCG00000011157_+_c	ENSSSCE00000098088-ENSSSCE00000098089	ENSSSCE00000358502	67015796_67016222	ENSSSCG00000011157_+_c
12	3559173	3560450	+	7	circRNA_13086	ENSSSCE00000364920_3_c_+		ENSSSCT00000042234		ENSSSCG00000036056		INTRON_34795	3559174.0	3560475.0	ENSSSCG00000036056_+_c-ENSSSCG00000036056_+_c	ENSSSCE00000364920-ENSSSCE00000282081			
12	3568892	3569357	+	5	circRNA_15302	ENSSSCE00000361141_3_c_+		ENSSSCT00000042234		ENSSSCG00000036056		INTRON_34805	3568893.0	3569388.0	ENSSSCG00000036056_+_c-ENSSSCG00000036056_+_c	ENSSSCE00000361141-ENSSSCE00000326683			
12	3587447	3588276	+	7	circRNA_3172	ENSSSCE00000398818_3_c_+		ENSSSCT00000087492		ENSSSCG00000036056		INTRON_34816	3587448.0	3588293.0	ENSSSCG00000036056_+_c-ENSSSCG00000036056_+_c	ENSSSCE00000398818-ENSSSCE00000426021			
12	3588737	3588950	+	8	circRNA_13979	ENSSSCE00000295565_3_c_+		ENSSSCT00000042234		ENSSSCG00000036056		INTRON_34818	3588738.0	3588967.0	ENSSSCG00000036056_+_c-ENSSSCG00000036056_+_c	ENSSSCE00000295565-ENSSSCE00000379469			
12	5492502	5493065	+	7	circRNA_15814	ENSSSCE00000149543_3_c_+		ENSSSCT00000018722		ENSSSCG00000017197		INTRON_35363	5492503.0	5493088.0	ENSSSCG00000017197_+_c-ENSSSCG00000017197_+_c	ENSSSCE00000149543-ENSSSCE00000368901			
12	5499861	5499947	+	168	circRNA_18164	ENSSSCE00000149552_3_c_+		ENSSSCT00000018722		ENSSSCG00000017197		INTRON_35373	5499862.0	5499967.0	ENSSSCG00000017197_+_c-ENSSSCG00000017197_+_c	ENSSSCE00000149552-ENSSSCE00000149553			
12	5536035	5537020	+	6	circRNA_9503	ENSSSCE00000255845_3_c_+		ENSSSCT00000018724		ENSSSCG00000017199		INTRON_35402	5536036.0	5537038.0	ENSSSCG00000017199_+_c-ENSSSCG00000017199_+_c	ENSSSCE00000255845-ENSSSCE00000149578			
12	5604878	5604998	-	9	circRNA_1225		ENSSSCE00000149618_3_c_-		ENSSSCT00000018726		ENSSSCG00000017201	INTRON_35463	5604847.0	5604997.0	ENSSSCG00000017201_-_c-ENSSSCG00000017201_-_c	ENSSSCE00000149619-ENSSSCE00000149618			
12	22688477	22688768	-	7	circRNA_12803	ENSSSCE00000152475_5_c_-	ENSSSCE00000152474_3_c_-,ENSSSCE00000264444_3_c_-	ENSSSCT00000060749	ENSSSCT00000019051,ENSSSCT00000060749	ENSSSCG00000017498	ENSSSCG00000017498,ENSSSCG00000017498	INTRON_39567	22688478.0	22688767.0	ENSSSCG00000017498_-_c-ENSSSCG00000017498_-_c,ENSSSCG00000017498_-_c-ENSSSCG00000017498_-_c,ENSSSCG00000017498_-_c-ENSSSCG00000017498_-_c,ENSSSCG00000017498_-_c-ENSSSCG00000017498_-_c	ENSSSCE00000152477-ENSSSCE00000152474,ENSSSCE00000470815-ENSSSCE00000449667,ENSSSCE00000449566-ENSSSCE00000442684,ENSSSCE00000152475-ENSSSCE00000264444			
12	22688480	22688771	-	8	circRNA_17397							INTRON_39567	22688478.0	22688767.0	ENSSSCG00000017498_-_c-ENSSSCG00000017498_-_c,ENSSSCG00000017498_-_c-ENSSSCG00000017498_-_c,ENSSSCG00000017498_-_c-ENSSSCG00000017498_-_c,ENSSSCG00000017498_-_c-ENSSSCG00000017498_-_c	ENSSSCE00000152477-ENSSSCE00000152474,ENSSSCE00000470815-ENSSSCE00000449667,ENSSSCE00000449566-ENSSSCE00000442684,ENSSSCE00000152475-ENSSSCE00000264444			
12	40064739	40064836	+	23	circRNA_5034	ENSSSCE00000219348_3_c_+		ENSSSCT00000023297		ENSSSCG00000032552		INTRON_42219	40064740.0	40064862.0	ENSSSCG00000032552_+_c-ENSSSCG00000032552_+_c	ENSSSCE00000219348-ENSSSCE00000282972			
12	44833689	44833855	-	28	circRNA_12761		ENSSSCE00000154707_3_c_-,ENSSSCE00000362298_3_c_-		ENSSSCT00000019329,ENSSSCT00000019331		ENSSSCG00000017758,ENSSSCG00000017759	INTRON_42932	44833668.0	44833854.0	ENSSSCG00000017759_-_c-ENSSSCG00000017759_-_c	ENSSSCE00000363980-ENSSSCE00000362298			
12	47719445	47719604	-	69	circRNA_18171		ENSSSCE00000180720_3_c_-,ENSSSCE00000356127_3_c_-		ENSSSCT00000030204,ENSSSCT00000030655		ENSSSCG00000030707,ENSSSCG00000030707	INTRON_43681	47719425.0	47719603.0	ENSSSCG00000030707_-_c-ENSSSCG00000030707_-_c	ENSSSCE00000374982-ENSSSCE00000180720	ENSSSCE00000405721	47718126_47719709	ENSSSCG00000021821_-_c
12	48446325	48446564	+	6	circRNA_14318	ENSSSCE00000155391_3_c_+		ENSSSCT00000019404		ENSSSCG00000017829		INTRON_43903	48446326.0	48446588.0	ENSSSCG00000017829_+_c-ENSSSCG00000017829_+_c	ENSSSCE00000155391-ENSSSCE00000155392			
12	50870960	50871284	+	8	circRNA_6281	ENSSSCE00000155831_3_c_+		ENSSSCT00000019469		ENSSSCG00000017890		INTRON_44531	50870961.0	50871306.0	ENSSSCG00000017890_+_c-ENSSSCG00000017890_+_c	ENSSSCE00000155831-ENSSSCE00000155832			
12	51552225	51552434	+	6	circRNA_18034	ENSSSCE00000379478_3_c_+		ENSSSCT00000044665		ENSSSCG00000035048		INTRON_44614	51552226.0	51552455.0	ENSSSCG00000035048_+_c-ENSSSCG00000035048_+_c	ENSSSCE00000379478-ENSSSCE00000369667			
12	52689980	52690123	+	5	circRNA_13352	ENSSSCE00000156304_3_c_+,ENSSSCE00000299628_3_c_+		ENSSSCT00000019527,ENSSSCT00000029870		ENSSSCG00000017943,ENSSSCG00000017943		INTRON_45260	52689981.0	52690145.0	ENSSSCG00000017943_+_c-ENSSSCG00000017943_+_c	ENSSSCE00000299628-ENSSSCE00000156305			
12	53367724	53367902	-	10	circRNA_11558		ENSSSCE00000156781_3_c_-		ENSSSCT00000019569		ENSSSCG00000017983	INTRON_45721	53367701.0	53367901.0	ENSSSCG00000017983_-_c-ENSSSCG00000017983_-_c	ENSSSCE00000156782-ENSSSCE00000156781			
12	57209586	57209850	-	52	circRNA_1430		ENSSSCE00000360331_3_c_-		ENSSSCT00000023879		ENSSSCG00000028465	INTRON_46500	57209567.0	57209849.0	ENSSSCG00000028465_-_c-ENSSSCG00000028465_-_c	ENSSSCE00000312334-ENSSSCE00000360331			
13	31336866	31337140	-	8	circRNA_9469		ENSSSCE00000100080_3_c_-		ENSSSCT00000012437		ENSSSCG00000011360	INTRON_50794	31336845.0	31337139.0	ENSSSCG00000011360_-_c-ENSSSCG00000011360_-_c,ENSSSCG00000011360_-_c-ENSSSCG00000011360_-_c	ENSSSCE00000100081-ENSSSCE00000412741,ENSSSCE00000100081-ENSSSCE00000100080			
13	32818291	32818466	-	5	circRNA_17175							INTRON_51545	32818269.0	32818464.0	ENSSSCG00000011407_-_c-ENSSSCG00000011407_-_c	ENSSSCE00000100618-ENSSSCE00000100617			
13	34531140	34531528	+	46	circRNA_5192	ENSSSCE00000166112_3_c_+		ENSSSCT00000025398		ENSSSCG00000028184		INTRON_52038	34531141.0	34531550.0	ENSSSCG00000028184_+_c-ENSSSCG00000028184_+_c	ENSSSCE00000166112-ENSSSCE00000195409			
13	34638135	34638377	+	29	circRNA_353	ENSSSCE00000100938_3_c_+		ENSSSCT00000012523		ENSSSCG00000011443		INTRON_52141	34638136.0	34638402.0	ENSSSCG00000011443_+_c-ENSSSCG00000011443_+_c,ENSSSCG00000011443_+_c-ENSSSCG00000011443_+_c	ENSSSCE00000100937-ENSSSCE00000100939,ENSSSCE00000100938-ENSSSCE00000100939			
14	11168814	11169318	+	10	circRNA_18185	ENSSSCE00000083294_3_c_+		ENSSSCT00000010596		ENSSSCG00000009664		INTRON_66337	11168815.0	11169340.0	ENSSSCG00000009664_+_c-ENSSSCG00000009664_+_c	ENSSSCE00000083294-ENSSSCE00000083295			
14	50219718	50220151	-	7	circRNA_13628		ENSSSCE00000087597_3_c_-		ENSSSCT00000011044		ENSSSCG00000010083	INTRON_72000	50219696.0	50220150.0	ENSSSCG00000010083_-_c-ENSSSCG00000010083_-_c	ENSSSCE00000087598-ENSSSCE00000087597			
14	50393506	50393850	-	5	circRNA_10045		ENSSSCE00000087688_3_c_-,ENSSSCE00000264461_3_c_-		ENSSSCT00000011053,ENSSSCT00000040494		ENSSSCG00000010092,ENSSSCG00000010092	INTRON_72050	50393482.0	50393849.0	ENSSSCG00000010092_-_c-ENSSSCG00000010092_-_c	ENSSSCE00000087689-ENSSSCE00000087688			
14	51492974	51493178	-	15	circRNA_11606		ENSSSCE00000088071_3_c_-		ENSSSCT00000011097		ENSSSCG00000010136	INTRON_72583	51492955.0	51493177.0	ENSSSCG00000010136_-_c-ENSSSCG00000010136_-_c	ENSSSCE00000088072-ENSSSCE00000088071			
14	113362207	113362810	+	8	circRNA_804	ENSSSCE00000092515_3_c_+	ENSSSCE00000092516_5_c_+	ENSSSCT00000011572	ENSSSCT00000011572	ENSSSCG00000010579	ENSSSCG00000010579	INTRON_78716	113362208.0	113362809.0	ENSSSCG00000010579_+_c-ENSSSCG00000010579_+_c	ENSSSCE00000092515-ENSSSCE00000092516			
14	113362207	113362809	+	6	circRNA_17646	ENSSSCE00000092515_3_c_+		ENSSSCT00000011572		ENSSSCG00000010579		INTRON_78716	113362208.0	113362809.0	ENSSSCG00000010579_+_c-ENSSSCG00000010579_+_c	ENSSSCE00000092515-ENSSSCE00000092516			
14	140977773	140978145	-	20	circRNA_7701		ENSSSCE00000094474_3_c_-		ENSSSCT00000011782		ENSSSCG00000010768	INTRON_81230	140977751.0	140978144.0	ENSSSCG00000010768_-_c-ENSSSCG00000010768_-_c	ENSSSCE00000094475-ENSSSCE00000094474			
15	46503117	46503405	-	27	circRNA_4717		ENSSSCE00000355442_3_c_-		ENSSSCT00000017198		ENSSSCG00000015795	INTRON_83917	46503098.0	46503404.0	ENSSSCG00000015795_-_c-ENSSSCG00000015795_-_c	ENSSSCE00000135819-ENSSSCE00000355442			
15	120340273	120340670	-	9	circRNA_2498		ENSSSCE00000296853_3_c_-		ENSSSCT00000017629		ENSSSCG00000016189	INTRON_90274	120340252.0	120340669.0	ENSSSCG00000016189_-_c-ENSSSCG00000016189_-_c	ENSSSCE00000325210-ENSSSCE00000296853			
15	120712919	120713094	-	10	circRNA_13969		ENSSSCE00000140447_3_c_-		ENSSSCT00000028058		ENSSSCG00000016202	INTRON_90457	120712891.0	120713093.0	ENSSSCG00000016202_-_c-ENSSSCG00000016202_-_c	ENSSSCE00000140448-ENSSSCE00000140447			
15	120713259	120713498	-	22	circRNA_4357		ENSSSCE00000140446_3_c_-		ENSSSCT00000028058		ENSSSCG00000016202	INTRON_90458	120713230.0	120713497.0	ENSSSCG00000016202_-_c-ENSSSCG00000016202_-_c	ENSSSCE00000140447-ENSSSCE00000140446			
15	121401848	121401937	-	24	circRNA_332							INTRON_90806	121401828.0	121401937.0	ENSSSCG00000016220_-_c-ENSSSCG00000016220_-_c	ENSSSCE00000140625-ENSSSCE00000140624			
15	121401849	121401938	-	12	circRNA_17802		ENSSSCE00000140624_3_c_-		ENSSSCT00000017661		ENSSSCG00000016220	INTRON_90806	121401828.0	121401937.0	ENSSSCG00000016220_-_c-ENSSSCG00000016220_-_c	ENSSSCE00000140625-ENSSSCE00000140624			
17	26381203	26381418	-	45	circRNA_18191		ENSSSCE00000324359_3_c_-		ENSSSCT00000007760		ENSSSCG00000007088	INTRON_99791	26381180.0	26381417.0	ENSSSCG00000007088_-_c-ENSSSCG00000007088_-_c	ENSSSCE00000342380-ENSSSCE00000324359	ENSSSCE00000451297	26381097_26381516	ENSSSCG00000007089_+_c
17	26499209	26499301	+	5	circRNA_15042	ENSSSCE00000060980_3_c_+		ENSSSCT00000007764		ENSSSCG00000007092		INTRON_99814	26499210.0	26499323.0	ENSSSCG00000007092_+_c-ENSSSCG00000007092_+_c	ENSSSCE00000060980-ENSSSCE00000060981			
17	62776061	62776346	+	8	circRNA_5596	ENSSSCE00000335864_3_c_+		ENSSSCT00000051562		ENSSSCG00000031602		INTRON_105089	62776062.0	62776366.0	ENSSSCG00000031602_+_c-ENSSSCG00000031602_+_c	ENSSSCE00000335864-ENSSSCE00000348685			
18	17488584	17488810	+	11	circRNA_5929	ENSSSCE00000143493_3_c_+		ENSSSCT00000018018		ENSSSCG00000016548		INTRON_107433	17488585.0	17488835.0	ENSSSCG00000016548_+_c-ENSSSCG00000016548_+_c	ENSSSCE00000143493-ENSSSCE00000143494			
18	50590449	50590560	-	26	circRNA_6620		ENSSSCE00000145271_3_c_-		ENSSSCT00000028898		ENSSSCG00000023820	INTRON_110142	50590423.0	50590559.0	ENSSSCG00000023820_-_c-ENSSSCG00000023820_-_c	ENSSSCE00000145272-ENSSSCE00000145271			
